Daley and Associates,
State of Colorado,
Tacoma-Pierce County Health Department,
Aurora Services,
"Financial Industry Regulatory Authority, Inc.",
REI,
Florida State Courts,
"Dole Food Company, Inc.",
Virginia Farm Bureau,
Temple Health,
"Bishop & Company, Inc.",
BTI Solutions,
Fairway Staffing Services,
Confidential Company,
Meeting Street,
Sodexo,
Ignite,
DHG Staffing & DHG Search Advisors,
"TBCN, Inc",
Pitisci & Associates,
AIC,
Minuteman Group LLC,
Mattson Resources,
Alexander Technology Group,
Alliance for Automotive Innovation,
American Medical Writers Association,
Harris Rebar,
The Middlesex Corporation,
Royal Exchange,
Oldcastle APG,
Prime Legal,
Optum,
CorTech LLC,
MATRIX Resources,
Nexus Staff,
Bretthauer-Ramirez Staffing,
Vanguard Construction,
Compass Solutions,
Stephen Ministries,
"Walrath Recruiting, Inc.",
San Diego Unified,
Grill and Patio,
Centra Wellness,
US Tech Solutions,
Dauphin County Technical School,
Koppers Inc,
Company Name,
Society Hill Dental,
Company Confidential,
Sunrise Systems Inc,
LRS,
MEIRxRS / Med Exec Intl,
"Premier Finance Adjusters, Pittsburgh PA",
Brewers Association,
American Medical Personnel Services Inc,
JK Consultants,
AB Staffing,
ERA Living - Ida Culver House Broadview,
Vaco - Columbus,
Complete Staffing,
SNMMI,
Mason City Community School District,
Winebow,
Associated Personnel Services,
Brady Trucking Inc,
Fogarty Knapp & Associates,
Onni Group,
"Expert Staffing, Inc.",
Aetna,
Cadence Bank,
LAM Research,
"Carollo Engineers, Inc.",
AJS Hotels,
Tutor Time Learning Centers,
National University,
Doyon,
Rentokil North America,
Invenergy Services Inc.,
City of Prescott,
Front Range Community College,
"Exacta Land Surveyors, LLC",
Truckee Meadows Community College,
Lakeshirts,
Eckerd College,
Accrue PPC,
Concorde Personnel,
Elwood Professional,
West Virginia University,
Craig Realty Group,
OnStaff,
The McIntyre Group,
Canaccord Genuity Corp.,
Gordon County Schools,
"Vigor, LLC",
Qlarant,
Hines Inc.,
Van Pelt Construction Services,
Caresoft Inc.,
"Lockehouse Retail Group, Inc.",
Brady Ware,
Tishma Technologies,
Albany College of Pharmacy,
ARD Group,
Comp Health,
Westminster Canterbury on Chesapeake Bay,
Blake Management Group,
Giraldo Real Estate Group,
Granite Constructions,
BCL Search,
Coastal Home Care,
USM Business Systems Inc,
Washington State,
Cameron Craig Group,
University Hospitals,
Wayne RESA,
"TekPartners Solutions, LLC",
"Akraya, Inc.",
Dunkin' - 369 Management,
UTi,
MiraMed,
XOJET,
ViacomCBS,
"Vizient, Inc",
Harris County,
State of Michigan,
Ingram-áMarine-áGroup,
Capital Senior Living,
NYC Cyber Command,
Pathways of California,
"PWW Recruiting, LLC.",
State of Washington,
Phoenix Union High School District 210,
Blackstone Talent Group,
St Lukes University Health Network,
Therapeutic Alternatives,
Faith Technologies Inc.,
The Boston Consulting Group,
Amex,
MobPartner,
Louisiana State University,
Burkhart,
NRI Staffing,
SAS Institute Inc,
Alexandria City Public Schools,
ABACUS,
TekPartners,
Black Hills Special Services Cooperative,
State of South Carolina,
Children's Hospital & Research Center Oakland,
Pearson VUE,
Meharry Medical College,
Cheetah Mobile,
Medtech,
CollegeAmerican,
Stericycle,
South Jersey Industries,
PeopleTec,
Nanobiosym,
SearchPros,
State of Nebraska,
URAC,
Alice Peck Day Memorial Hospital,
New Wave Wealth Advisors,
"Corbus Pharmaceuticals Holdings, Inc",
Neighborhood Health Plan of RI,
Mount St. Joseph University,
Bethesda Healthcare System,
Wesley Willows Corporation,
CCS Fundraising,
The O'Connor Group,
SERVPRO,
Compass,
Dahl Restaurant Group,
E-Talent Network,
Honeywell,
Access Staffing,
Hudson Valley Community College,
RABBIT HOLE SPIRITS LLC,
Bake Me A Wish LLC,
Education Minnesota,
Staffing Now,
Athar M. Ansari MD Inc. dba California Heart & Vascular Clinic,
inSync Staffing Solutions,
The Bachrach Group,
Vaco - Indianapolis,
Source One Technical Solutions,
Precision Door of New Jersey,
Camp Hill Borough,
Solomon Page,
Oregon Mutual Insurance,
University of Montana,
Sonoco,
Freddy’s Frozen Custard & Steakburgers,
Mid-America Apartment Communities (MAA),
HR Partners,
ModernHR,
"City of Aurora, CO",
KinderCare Education LLC,
Neogen Corporation,
"Washington County, WI",